{"assets":{"F3C483160ACD63AADE6FEE20FA0DCFEE":{"type":"texture","index":162,"assetRequest":{"type":"slide","state":"incoming","slide":"B2A8986B-8456-4EC7-B2E2-F42C02809921"},"url":"assets/F3C483160ACD63AADE6FEE20FA0DCFEE.svg","width":1024,"height":768},"BFA2CD4BA28A9930ED2A163A8E92CBFB":{"type":"texture","index":161,"assetRequest":{"type":"slide","state":"outgoing","slide":"114C35B4-15CB-4134-ADE4-2EDE7EC2E095"},"url":"assets/BFA2CD4BA28A9930ED2A163A8E92CBFB.svg","width":1024,"height":768}},"events":[{"effects":[{"beginTime":0,"baseLayer":{"animations":[],"initialState":{"affineTransform":[1,0,0,1,0,0],"masksToBounds":true,"rotation":0,"scale":1,"position":{"pointX":512,"pointY":384},"width":1024,"sublayerTransform":[1,0,0,0,0,1,0,0,0,0,1,0,0,0,0,1],"contentsRect":{"y":0,"x":0,"width":1,"height":1},"opacity":1,"edgeAntialiasingMask":0,"height":768,"hidden":false,"anchorPoint":{"pointX":0.5,"pointY":0.5}},"objectID":"0","layers":[{"animations":[],"initialState":{"affineTransform":[1,0,0,1,0,0],"masksToBounds":false,"rotation":0,"scale":1,"position":{"pointX":512,"pointY":384},"width":1024,"sublayerTransform":[1,0,0,0,0,1,0,0,0,0,1,-0.0004922987690640373,0,0,0,1],"contentsRect":{"y":0,"x":0,"width":1,"height":1},"opacity":1,"edgeAntialiasingMask":15,"height":768,"hidden":false,"anchorPoint":{"pointX":0.5,"pointY":0.5}},"layers":[{"animations":[],"layers":[],"initialState":{"affineTransform":[1,0,0,1,0,0],"masksToBounds":false,"rotation":0,"scale":1,"position":{"pointX":512,"pointY":384},"width":1024,"sublayerTransform":[1,0,0,0,0,1,0,0,0,0,1,0,0,0,0,1],"contentsRect":{"y":0,"x":0,"width":1,"height":1},"opacity":1,"edgeAntialiasingMask":0,"height":768,"hidden":false,"anchorPoint":{"pointX":0.5,"pointY":0.5}},"texture":"F3C483160ACD63AADE6FEE20FA0DCFEE"},{"animations":[{"from":{"scalar":1},"beginTime":0,"repeatCount":0,"fillMode":"both","property":"opacity","duration":1,"timingFunction":"easeInEaseOut","to":{"scalar":0}}],"layers":[],"initialState":{"affineTransform":[1,0,0,1,0,0],"masksToBounds":false,"rotation":0,"scale":1,"position":{"pointX":512,"pointY":384},"width":1024,"sublayerTransform":[1,0,0,0,0,1,0,0,0,0,1,0,0,0,0,1],"contentsRect":{"y":0,"x":0,"width":1,"height":1},"opacity":1,"edgeAntialiasingMask":0,"height":768,"hidden":false,"anchorPoint":{"pointX":0.5,"pointY":0.5}},"texture":"BFA2CD4BA28A9930ED2A163A8E92CBFB"}]}]},"effects":[],"duration":1,"type":"transition","name":"apple:dissolve","objectID":"0"}],"automaticPlay":false,"hyperlinks":[],"accessibility":[{"text":"Internalized Management Fee’s ","targetRectangle":{"y":223,"x":68.79000118202634,"width":341.825625,"height":32}},{"text":"Long term weakness addressed","targetRectangle":{"y":255,"x":105.7900011820263,"width":335.78384765625,"height":48.08000040054321}},{"text":"H&R Property Management acquired by the REIT for 9.5 million units (roughly $201 million)","targetRectangle":{"y":303.0800004005432,"x":105.7900011820263,"width":852.77390625,"height":80.08000040054321}},{"text":"approximate total expected to be paid over next 6.5 years to contract maturity","targetRectangle":{"y":383.1600008010864,"x":142.7900011820263,"width":826.3455468749992,"height":48.08000040054321}},{"text":"Original fee structure:","targetRectangle":{"y":431.2400012016296,"x":105.7900011820263,"width":234.0393749999999,"height":48.08000040054321}},{"text":"2% rental revenue","targetRectangle":{"y":479.3200016021729,"x":142.7900011820263,"width":191.9942578125,"height":48.08000040054321}},{"text":"0.67% of each property acquisition or development","targetRectangle":{"y":527.4000020027161,"x":142.7900011820263,"width":542.6057812499999,"height":48.08000040054321}},{"text":"7.5% of amount FCFE > 10% average equity: typically capped","targetRectangle":{"y":575.4800024032593,"x":142.7900011820263,"width":655.3031835937498,"height":48.08000040054321}},{"text":"10% gain on property dispositions (assumes FCFE > 10 of equity)","targetRectangle":{"y":623.5600028038025,"x":142.7900011820263,"width":693.9328710937497,"height":48.08000040054321}},{"text":"Strengths","targetRectangle":{"y":69,"x":384.985,"width":254.03,"height":85}}],"baseLayer":{"animations":[],"initialState":{"affineTransform":[1,0,0,1,0,0],"masksToBounds":true,"rotation":0,"scale":1,"position":{"pointX":512,"pointY":384},"width":1024,"sublayerTransform":[1,0,0,0,0,1,0,0,0,0,1,0,0,0,0,1],"contentsRect":{"y":0,"x":0,"width":1,"height":1},"opacity":1,"edgeAntialiasingMask":0,"height":768,"hidden":false,"anchorPoint":{"pointX":0.5,"pointY":0.5}},"objectID":"0","layers":[{"animations":[],"initialState":{"affineTransform":[1,0,0,1,0,0],"masksToBounds":false,"rotation":0,"scale":1,"position":{"pointX":512,"pointY":384},"width":1024,"sublayerTransform":[1,0,0,0,0,1,0,0,0,0,1,-0.0004922987690640373,0,0,0,1],"contentsRect":{"y":0,"x":0,"width":1,"height":1},"opacity":1,"edgeAntialiasingMask":15,"height":768,"hidden":false,"anchorPoint":{"pointX":0.5,"pointY":0.5}},"layers":[{"animations":[],"layers":[],"initialState":{"affineTransform":[1,0,0,1,0,0],"masksToBounds":false,"rotation":0,"scale":1,"position":{"pointX":512,"pointY":384},"width":1024,"sublayerTransform":[1,0,0,0,0,1,0,0,0,0,1,0,0,0,0,1],"contentsRect":{"y":0,"x":0,"width":1,"height":1},"opacity":1,"edgeAntialiasingMask":0,"height":768,"hidden":false,"anchorPoint":{"pointX":0.5,"pointY":0.5}},"texture":"BFA2CD4BA28A9930ED2A163A8E92CBFB"}]}]}}]}