{"assets":{"286730183645BA278ABBBDD0D9359DE0":{"type":"texture","index":186,"assetRequest":{"type":"slide","state":"incoming","slide":"3ADC3747-79EE-4099-8B94-866911B0D47E"},"url":"assets/286730183645BA278ABBBDD0D9359DE0.svg","width":1024,"height":768},"970D0A974B31250DA540A9BA6412EFF5":{"type":"texture","index":185,"assetRequest":{"type":"slide","state":"outgoing","slide":"7C0D31DF-21E8-4AF6-AF6F-FC705F858C0A"},"url":"assets/970D0A974B31250DA540A9BA6412EFF5.svg","width":1024,"height":768}},"events":[{"effects":[{"beginTime":0,"baseLayer":{"animations":[],"initialState":{"affineTransform":[1,0,0,1,0,0],"masksToBounds":true,"rotation":0,"scale":1,"position":{"pointX":512,"pointY":384},"width":1024,"sublayerTransform":[1,0,0,0,0,1,0,0,0,0,1,0,0,0,0,1],"contentsRect":{"y":0,"x":0,"width":1,"height":1},"opacity":1,"edgeAntialiasingMask":0,"height":768,"hidden":false,"anchorPoint":{"pointX":0.5,"pointY":0.5}},"objectID":"0","layers":[{"animations":[],"initialState":{"affineTransform":[1,0,0,1,0,0],"masksToBounds":false,"rotation":0,"scale":1,"position":{"pointX":512,"pointY":384},"width":1024,"sublayerTransform":[1,0,0,0,0,1,0,0,0,0,1,-0.0004922987690640373,0,0,0,1],"contentsRect":{"y":0,"x":0,"width":1,"height":1},"opacity":1,"edgeAntialiasingMask":15,"height":768,"hidden":false,"anchorPoint":{"pointX":0.5,"pointY":0.5}},"layers":[{"animations":[],"layers":[],"initialState":{"affineTransform":[1,0,0,1,0,0],"masksToBounds":false,"rotation":0,"scale":1,"position":{"pointX":512,"pointY":384},"width":1024,"sublayerTransform":[1,0,0,0,0,1,0,0,0,0,1,0,0,0,0,1],"contentsRect":{"y":0,"x":0,"width":1,"height":1},"opacity":1,"edgeAntialiasingMask":0,"height":768,"hidden":false,"anchorPoint":{"pointX":0.5,"pointY":0.5}},"texture":"286730183645BA278ABBBDD0D9359DE0"},{"animations":[{"from":{"scalar":1},"beginTime":0,"repeatCount":0,"fillMode":"both","property":"opacity","duration":1,"timingFunction":"easeInEaseOut","to":{"scalar":0}}],"layers":[],"initialState":{"affineTransform":[1,0,0,1,0,0],"masksToBounds":false,"rotation":0,"scale":1,"position":{"pointX":512,"pointY":384},"width":1024,"sublayerTransform":[1,0,0,0,0,1,0,0,0,0,1,0,0,0,0,1],"contentsRect":{"y":0,"x":0,"width":1,"height":1},"opacity":1,"edgeAntialiasingMask":0,"height":768,"hidden":false,"anchorPoint":{"pointX":0.5,"pointY":0.5}},"texture":"970D0A974B31250DA540A9BA6412EFF5"}]}]},"effects":[],"duration":1,"type":"transition","name":"apple:dissolve","objectID":"0"}],"automaticPlay":false,"hyperlinks":[],"accessibility":[{"text":"Alberta Exposure","targetRectangle":{"y":212.0000000000002,"x":75.82000142945185,"width":239.305078125,"height":41}},{"text":"Primaris","targetRectangle":{"y":253.0000000000002,"x":112.8200014294518,"width":117.1128515625,"height":61.64000034332275}},{"text":"Alberta all store sales still strong at $571/sq foot excluding anchor tenants","targetRectangle":{"y":314.640000343323,"x":149.8200014294518,"width":809.5707421874999,"height":102.6400003433228}},{"text":"Telus Tower","targetRectangle":{"y":417.2800006866457,"x":112.8200014294518,"width":165.412265625,"height":61.64000034332275}},{"text":"Telus vacating in 2016","targetRectangle":{"y":478.9200010299685,"x":149.8200014294518,"width":300.46921875,"height":61.64000034332275}},{"text":"Approximately $2.12 million operating income","targetRectangle":{"y":540.5600013732912,"x":149.8200014294518,"width":639.9861328125002,"height":61.64000034332275}},{"text":"0.2% of 2014 operating income","targetRectangle":{"y":602.200001716614,"x":186.8200014294518,"width":417.022734375,"height":61.64000034332275}},{"text":"Newly renovated, prime location ","targetRectangle":{"y":663.8400020599368,"x":149.8200014294518,"width":460.7265234375001,"height":61.64000034332275}},{"text":"Weaknesses","targetRectangle":{"y":69,"x":349.4949999999999,"width":325.0100000000002,"height":85}}],"baseLayer":{"animations":[],"initialState":{"affineTransform":[1,0,0,1,0,0],"masksToBounds":true,"rotation":0,"scale":1,"position":{"pointX":512,"pointY":384},"width":1024,"sublayerTransform":[1,0,0,0,0,1,0,0,0,0,1,0,0,0,0,1],"contentsRect":{"y":0,"x":0,"width":1,"height":1},"opacity":1,"edgeAntialiasingMask":0,"height":768,"hidden":false,"anchorPoint":{"pointX":0.5,"pointY":0.5}},"objectID":"0","layers":[{"animations":[],"initialState":{"affineTransform":[1,0,0,1,0,0],"masksToBounds":false,"rotation":0,"scale":1,"position":{"pointX":512,"pointY":384},"width":1024,"sublayerTransform":[1,0,0,0,0,1,0,0,0,0,1,-0.0004922987690640373,0,0,0,1],"contentsRect":{"y":0,"x":0,"width":1,"height":1},"opacity":1,"edgeAntialiasingMask":15,"height":768,"hidden":false,"anchorPoint":{"pointX":0.5,"pointY":0.5}},"layers":[{"animations":[],"layers":[],"initialState":{"affineTransform":[1,0,0,1,0,0],"masksToBounds":false,"rotation":0,"scale":1,"position":{"pointX":512,"pointY":384},"width":1024,"sublayerTransform":[1,0,0,0,0,1,0,0,0,0,1,0,0,0,0,1],"contentsRect":{"y":0,"x":0,"width":1,"height":1},"opacity":1,"edgeAntialiasingMask":0,"height":768,"hidden":false,"anchorPoint":{"pointX":0.5,"pointY":0.5}},"texture":"970D0A974B31250DA540A9BA6412EFF5"}]}]}}]}