{"assets":{"501203643F58B239C91C5BFA770B2AFF":{"type":"texture","index":166,"assetRequest":{"type":"slide","state":"incoming","slide":"59B585C9-5E03-4701-862D-0ECDAC59D5D4"},"url":"assets/501203643F58B239C91C5BFA770B2AFF.svg","width":1024,"height":768},"70446E4C8B2E96CAA8A8D90EBAD0242D":{"type":"texture","index":165,"assetRequest":{"type":"slide","state":"outgoing","slide":"BF8D85F1-5653-4EAB-8EBF-2D8048D5E8C7"},"url":"assets/70446E4C8B2E96CAA8A8D90EBAD0242D.svg","width":1024,"height":768}},"events":[{"effects":[{"beginTime":0,"baseLayer":{"animations":[],"initialState":{"affineTransform":[1,0,0,1,0,0],"masksToBounds":true,"rotation":0,"scale":1,"position":{"pointX":512,"pointY":384},"width":1024,"sublayerTransform":[1,0,0,0,0,1,0,0,0,0,1,0,0,0,0,1],"contentsRect":{"y":0,"x":0,"width":1,"height":1},"opacity":1,"edgeAntialiasingMask":0,"height":768,"hidden":false,"anchorPoint":{"pointX":0.5,"pointY":0.5}},"objectID":"0","layers":[{"animations":[],"initialState":{"affineTransform":[1,0,0,1,0,0],"masksToBounds":false,"rotation":0,"scale":1,"position":{"pointX":512,"pointY":384},"width":1024,"sublayerTransform":[1,0,0,0,0,1,0,0,0,0,1,-0.0004922987690640373,0,0,0,1],"contentsRect":{"y":0,"x":0,"width":1,"height":1},"opacity":1,"edgeAntialiasingMask":15,"height":768,"hidden":false,"anchorPoint":{"pointX":0.5,"pointY":0.5}},"layers":[{"animations":[],"layers":[],"initialState":{"affineTransform":[1,0,0,1,0,0],"masksToBounds":false,"rotation":0,"scale":1,"position":{"pointX":512,"pointY":384},"width":1024,"sublayerTransform":[1,0,0,0,0,1,0,0,0,0,1,0,0,0,0,1],"contentsRect":{"y":0,"x":0,"width":1,"height":1},"opacity":1,"edgeAntialiasingMask":0,"height":768,"hidden":false,"anchorPoint":{"pointX":0.5,"pointY":0.5}},"texture":"501203643F58B239C91C5BFA770B2AFF"},{"animations":[{"from":{"scalar":1},"beginTime":0,"repeatCount":0,"fillMode":"both","property":"opacity","duration":1,"timingFunction":"easeInEaseOut","to":{"scalar":0}}],"layers":[],"initialState":{"affineTransform":[1,0,0,1,0,0],"masksToBounds":false,"rotation":0,"scale":1,"position":{"pointX":512,"pointY":384},"width":1024,"sublayerTransform":[1,0,0,0,0,1,0,0,0,0,1,0,0,0,0,1],"contentsRect":{"y":0,"x":0,"width":1,"height":1},"opacity":1,"edgeAntialiasingMask":0,"height":768,"hidden":false,"anchorPoint":{"pointX":0.5,"pointY":0.5}},"texture":"70446E4C8B2E96CAA8A8D90EBAD0242D"}]}]},"effects":[],"duration":1,"type":"transition","name":"apple:dissolve","objectID":"0"}],"automaticPlay":false,"hyperlinks":[],"accessibility":[{"text":"Capital Recycling","targetRectangle":{"y":473.6248321533203,"x":60.64999903837838,"width":126.024609375,"height":20}},{"text":"Selling lower quality properties, 50% positions while collecting management fees","targetRectangle":{"y":493.6248321533203,"x":97.64999903837838,"width":579.7907226562497,"height":30.79999971389771}},{"text":"High level of unencumbered assets for maximum flexibility","targetRectangle":{"y":524.424831867218,"x":97.64999903837838,"width":425.7720703124999,"height":30.79999971389771}},{"text":"Share repurchases","targetRectangle":{"y":555.2248315811157,"x":97.64999903837838,"width":129.66328125,"height":30.79999971389771}},{"text":"2014: 67,300 units = $1.5 million","targetRectangle":{"y":586.0248312950134,"x":134.6499990383784,"width":226.9107421875,"height":30.79999971389771}},{"text":"Q1&Q2 2015: 179,400 units = $3.9 million","targetRectangle":{"y":616.8248310089111,"x":134.6499990383784,"width":293.3323242187499,"height":30.79999971389771}},{"text":"Authorized to purchase another 5 million units until June 2016","targetRectangle":{"y":647.6248307228088,"x":134.6499990383784,"width":447.8414062500001,"height":30.79999971389771}},{"text":"pasted-image.tif","targetRectangle":{"y":189.8544235861478,"x":109.979064932415,"width":804.0418701171875,"height":256.4159851074218}},{"text":"Strengths","targetRectangle":{"y":69,"x":384.985,"width":254.03,"height":85}}],"baseLayer":{"animations":[],"initialState":{"affineTransform":[1,0,0,1,0,0],"masksToBounds":true,"rotation":0,"scale":1,"position":{"pointX":512,"pointY":384},"width":1024,"sublayerTransform":[1,0,0,0,0,1,0,0,0,0,1,0,0,0,0,1],"contentsRect":{"y":0,"x":0,"width":1,"height":1},"opacity":1,"edgeAntialiasingMask":0,"height":768,"hidden":false,"anchorPoint":{"pointX":0.5,"pointY":0.5}},"objectID":"0","layers":[{"animations":[],"initialState":{"affineTransform":[1,0,0,1,0,0],"masksToBounds":false,"rotation":0,"scale":1,"position":{"pointX":512,"pointY":384},"width":1024,"sublayerTransform":[1,0,0,0,0,1,0,0,0,0,1,-0.0004922987690640373,0,0,0,1],"contentsRect":{"y":0,"x":0,"width":1,"height":1},"opacity":1,"edgeAntialiasingMask":15,"height":768,"hidden":false,"anchorPoint":{"pointX":0.5,"pointY":0.5}},"layers":[{"animations":[],"layers":[],"initialState":{"affineTransform":[1,0,0,1,0,0],"masksToBounds":false,"rotation":0,"scale":1,"position":{"pointX":512,"pointY":384},"width":1024,"sublayerTransform":[1,0,0,0,0,1,0,0,0,0,1,0,0,0,0,1],"contentsRect":{"y":0,"x":0,"width":1,"height":1},"opacity":1,"edgeAntialiasingMask":0,"height":768,"hidden":false,"anchorPoint":{"pointX":0.5,"pointY":0.5}},"texture":"70446E4C8B2E96CAA8A8D90EBAD0242D"}]}]}}]}