{"assets":{"F3C483160ACD63AADE6FEE20FA0DCFEE":{"type":"texture","index":163,"assetRequest":{"type":"slide","state":"outgoing","slide":"B2A8986B-8456-4EC7-B2E2-F42C02809921"},"url":"assets/F3C483160ACD63AADE6FEE20FA0DCFEE.svg","width":1024,"height":768},"70446E4C8B2E96CAA8A8D90EBAD0242D":{"type":"texture","index":164,"assetRequest":{"type":"slide","state":"incoming","slide":"BF8D85F1-5653-4EAB-8EBF-2D8048D5E8C7"},"url":"assets/70446E4C8B2E96CAA8A8D90EBAD0242D.svg","width":1024,"height":768}},"events":[{"effects":[{"beginTime":0,"baseLayer":{"animations":[],"initialState":{"affineTransform":[1,0,0,1,0,0],"masksToBounds":true,"rotation":0,"scale":1,"position":{"pointX":512,"pointY":384},"width":1024,"sublayerTransform":[1,0,0,0,0,1,0,0,0,0,1,0,0,0,0,1],"contentsRect":{"y":0,"x":0,"width":1,"height":1},"opacity":1,"edgeAntialiasingMask":0,"height":768,"hidden":false,"anchorPoint":{"pointX":0.5,"pointY":0.5}},"objectID":"0","layers":[{"animations":[],"initialState":{"affineTransform":[1,0,0,1,0,0],"masksToBounds":false,"rotation":0,"scale":1,"position":{"pointX":512,"pointY":384},"width":1024,"sublayerTransform":[1,0,0,0,0,1,0,0,0,0,1,-0.0004922987690640373,0,0,0,1],"contentsRect":{"y":0,"x":0,"width":1,"height":1},"opacity":1,"edgeAntialiasingMask":15,"height":768,"hidden":false,"anchorPoint":{"pointX":0.5,"pointY":0.5}},"layers":[{"animations":[],"layers":[],"initialState":{"affineTransform":[1,0,0,1,0,0],"masksToBounds":false,"rotation":0,"scale":1,"position":{"pointX":512,"pointY":384},"width":1024,"sublayerTransform":[1,0,0,0,0,1,0,0,0,0,1,0,0,0,0,1],"contentsRect":{"y":0,"x":0,"width":1,"height":1},"opacity":1,"edgeAntialiasingMask":0,"height":768,"hidden":false,"anchorPoint":{"pointX":0.5,"pointY":0.5}},"texture":"70446E4C8B2E96CAA8A8D90EBAD0242D"},{"animations":[{"from":{"scalar":1},"beginTime":0,"repeatCount":0,"fillMode":"both","property":"opacity","duration":1,"timingFunction":"easeInEaseOut","to":{"scalar":0}}],"layers":[],"initialState":{"affineTransform":[1,0,0,1,0,0],"masksToBounds":false,"rotation":0,"scale":1,"position":{"pointX":512,"pointY":384},"width":1024,"sublayerTransform":[1,0,0,0,0,1,0,0,0,0,1,0,0,0,0,1],"contentsRect":{"y":0,"x":0,"width":1,"height":1},"opacity":1,"edgeAntialiasingMask":0,"height":768,"hidden":false,"anchorPoint":{"pointX":0.5,"pointY":0.5}},"texture":"F3C483160ACD63AADE6FEE20FA0DCFEE"}]}]},"effects":[],"duration":1,"type":"transition","name":"apple:dissolve","objectID":"0"}],"automaticPlay":false,"hyperlinks":[],"accessibility":[{"text":"Internalized Management Fee’s ","targetRectangle":{"y":220,"x":68.04999991787804,"width":331.621875,"height":30}},{"text":"Average 3.64% of revenue 2010-2012","targetRectangle":{"y":250,"x":105.049999917878,"width":273.624609375,"height":75.59999942779541}},{"text":"Equivalent to 4th largest source of revenue","targetRectangle":{"y":325.5999994277954,"x":105.049999917878,"width":357.8783203125,"height":75.59999942779541}},{"text":"Doesn’t appear to have been recognized by market","targetRectangle":{"y":401.1999988555908,"x":105.049999917878,"width":300.132421875,"height":75.59999942779541}},{"text":"12.1x FFO in 2013 to 11x today","targetRectangle":{"y":476.7999982833862,"x":142.049999917878,"width":313.7976562499999,"height":45.59999942779541}},{"text":"2008 vs today’s economic environment","targetRectangle":{"y":522.3999977111816,"x":142.049999917878,"width":267.78603515625,"height":75.59999942779541}},{"text":"Aligns shareholder/management interests","targetRectangle":{"y":597.9999971389771,"x":105.049999917878,"width":352.49677734375,"height":75.59999942779541}},{"text":"Strengths","targetRectangle":{"y":69,"x":384.985,"width":254.03,"height":85}}],"baseLayer":{"animations":[],"initialState":{"affineTransform":[1,0,0,1,0,0],"masksToBounds":true,"rotation":0,"scale":1,"position":{"pointX":512,"pointY":384},"width":1024,"sublayerTransform":[1,0,0,0,0,1,0,0,0,0,1,0,0,0,0,1],"contentsRect":{"y":0,"x":0,"width":1,"height":1},"opacity":1,"edgeAntialiasingMask":0,"height":768,"hidden":false,"anchorPoint":{"pointX":0.5,"pointY":0.5}},"objectID":"0","layers":[{"animations":[],"initialState":{"affineTransform":[1,0,0,1,0,0],"masksToBounds":false,"rotation":0,"scale":1,"position":{"pointX":512,"pointY":384},"width":1024,"sublayerTransform":[1,0,0,0,0,1,0,0,0,0,1,-0.0004922987690640373,0,0,0,1],"contentsRect":{"y":0,"x":0,"width":1,"height":1},"opacity":1,"edgeAntialiasingMask":15,"height":768,"hidden":false,"anchorPoint":{"pointX":0.5,"pointY":0.5}},"layers":[{"animations":[],"layers":[],"initialState":{"affineTransform":[1,0,0,1,0,0],"masksToBounds":false,"rotation":0,"scale":1,"position":{"pointX":512,"pointY":384},"width":1024,"sublayerTransform":[1,0,0,0,0,1,0,0,0,0,1,0,0,0,0,1],"contentsRect":{"y":0,"x":0,"width":1,"height":1},"opacity":1,"edgeAntialiasingMask":0,"height":768,"hidden":false,"anchorPoint":{"pointX":0.5,"pointY":0.5}},"texture":"F3C483160ACD63AADE6FEE20FA0DCFEE"}]}]}}]}